p-value,min_pval,gene0,start0_len0,gene1,start1_len1
0.0832645,0.00937477,geneA,2_1,geneB,0_1
0.709388,0.0253473,geneA,0_1,geneB,1_1
0.136037,0.0253473,geneA,2_1,geneC,3_1
0.0832645,0.00937477,geneA,2_1,geneD,0_1
0.187632,0.00840799,geneA,0_1,geneD,0_1
0.429195,0.0015654,geneB,1_1,geneC,3_1
0.77283,0.00937477,geneB,1_1,geneC,2_1
0.248213,0.00937477,geneB,1_1,geneC,0_1
0.187632,0.00840799,geneB,1_1,geneC,1_1
0.136037,0.0253473,geneB,0_1,geneC,3_1
